"concat(""insert into localizacao (localizacao_tipo_id, nome, sigla, codigo, localizacao_id, padrao) values (7, "", nome, "", null, null, "",id, "", \""N\"");"")"
"insert into localizacao (localizacao_tipo_id, nome, sigla, codigo, localizacao_id, padrao) values (7, Charqueadas, null, null, 5273, ""N"");"
"insert into localizacao (localizacao_tipo_id, nome, sigla, codigo, localizacao_id, padrao) values (7, General Câmara, null, null, 5274, ""N"");"
"insert into localizacao (localizacao_tipo_id, nome, sigla, codigo, localizacao_id, padrao) values (7, Minas do Leão, null, null, 5275, ""N"");"
"insert into localizacao (localizacao_tipo_id, nome, sigla, codigo, localizacao_id, padrao) values (7, São Jerônimo, null, null, 5276, ""N"");"
"insert into localizacao (localizacao_tipo_id, nome, sigla, codigo, localizacao_id, padrao) values (7, Triunfo, null, null, 5277, ""N"");"
"insert into localizacao (localizacao_tipo_id, nome, sigla, codigo, localizacao_id, padrao) values (7, Vale Verde, null, null, 5278, ""N"");"
"insert into localizacao (localizacao_tipo_id, nome, sigla, codigo, localizacao_id, padrao) values (7, Alvorada, null, null, 5279, ""N"");"
"insert into localizacao (localizacao_tipo_id, nome, sigla, codigo, localizacao_id, padrao) values (7, Araricá, null, null, 5280, ""N"");"
"insert into localizacao (localizacao_tipo_id, nome, sigla, codigo, localizacao_id, padrao) values (7, Cachoeirinha, null, null, 5281, ""N"");"
"insert into localizacao (localizacao_tipo_id, nome, sigla, codigo, localizacao_id, padrao) values (7, Campo Bom, null, null, 5282, ""N"");"
"insert into localizacao (localizacao_tipo_id, nome, sigla, codigo, localizacao_id, padrao) values (7, Canoas, null, null, 5283, ""N"");"
"insert into localizacao (localizacao_tipo_id, nome, sigla, codigo, localizacao_id, padrao) values (7, Eldorado do Sul, null, null, 5284, ""N"");"
"insert into localizacao (localizacao_tipo_id, nome, sigla, codigo, localizacao_id, padrao) values (7, Estância Velha, null, null, 5285, ""N"");"
"insert into localizacao (localizacao_tipo_id, nome, sigla, codigo, localizacao_id, padrao) values (7, Esteio, null, null, 5286, ""N"");"
"insert into localizacao (localizacao_tipo_id, nome, sigla, codigo, localizacao_id, padrao) values (7, Glorinha, null, null, 5287, ""N"");"
"insert into localizacao (localizacao_tipo_id, nome, sigla, codigo, localizacao_id, padrao) values (7, Gravataí, null, null, 5288, ""N"");"
"insert into localizacao (localizacao_tipo_id, nome, sigla, codigo, localizacao_id, padrao) values (7, Guaíba, null, null, 5289, ""N"");"
"insert into localizacao (localizacao_tipo_id, nome, sigla, codigo, localizacao_id, padrao) values (7, Mariana Pimentel, null, null, 5290, ""N"");"
"insert into localizacao (localizacao_tipo_id, nome, sigla, codigo, localizacao_id, padrao) values (7, Nova Hartz, null, null, 5291, ""N"");"
"insert into localizacao (localizacao_tipo_id, nome, sigla, codigo, localizacao_id, padrao) values (7, Nova Santa Rita, null, null, 5292, ""N"");"
"insert into localizacao (localizacao_tipo_id, nome, sigla, codigo, localizacao_id, padrao) values (7, Novo Hamburgo, null, null, 5293, ""N"");"
"insert into localizacao (localizacao_tipo_id, nome, sigla, codigo, localizacao_id, padrao) values (7, Parobé, null, null, 5294, ""N"");"
"insert into localizacao (localizacao_tipo_id, nome, sigla, codigo, localizacao_id, padrao) values (7, Porto Alegre, null, null, 5295, ""N"");"
"insert into localizacao (localizacao_tipo_id, nome, sigla, codigo, localizacao_id, padrao) values (7, São Leopoldo, null, null, 5296, ""N"");"
"insert into localizacao (localizacao_tipo_id, nome, sigla, codigo, localizacao_id, padrao) values (7, Sapiranga, null, null, 5297, ""N"");"
"insert into localizacao (localizacao_tipo_id, nome, sigla, codigo, localizacao_id, padrao) values (7, Sapucaia do Sul, null, null, 5298, ""N"");"
"insert into localizacao (localizacao_tipo_id, nome, sigla, codigo, localizacao_id, padrao) values (7, Sertão Santana, null, null, 5299, ""N"");"
"insert into localizacao (localizacao_tipo_id, nome, sigla, codigo, localizacao_id, padrao) values (7, Viamão, null, null, 5300, ""N"");"
"insert into localizacao (localizacao_tipo_id, nome, sigla, codigo, localizacao_id, padrao) values (7, Arroio do Sal, null, null, 5301, ""N"");"
"insert into localizacao (localizacao_tipo_id, nome, sigla, codigo, localizacao_id, padrao) values (7, Balneário Pinhal, null, null, 5302, ""N"");"
"insert into localizacao (localizacao_tipo_id, nome, sigla, codigo, localizacao_id, padrao) values (7, Capão da Canoa, null, null, 5303, ""N"");"
"insert into localizacao (localizacao_tipo_id, nome, sigla, codigo, localizacao_id, padrao) values (7, Capivari do Sul, null, null, 5304, ""N"");"
"insert into localizacao (localizacao_tipo_id, nome, sigla, codigo, localizacao_id, padrao) values (7, Caraá, null, null, 5305, ""N"");"
"insert into localizacao (localizacao_tipo_id, nome, sigla, codigo, localizacao_id, padrao) values (7, Cidreira, null, null, 5306, ""N"");"
"insert into localizacao (localizacao_tipo_id, nome, sigla, codigo, localizacao_id, padrao) values (7, Dom Pedro de Alcântara, null, null, 5307, ""N"");"
"insert into localizacao (localizacao_tipo_id, nome, sigla, codigo, localizacao_id, padrao) values (7, Imbé, null, null, 5308, ""N"");"
"insert into localizacao (localizacao_tipo_id, nome, sigla, codigo, localizacao_id, padrao) values (7, Itati, null, null, 5309, ""N"");"
"insert into localizacao (localizacao_tipo_id, nome, sigla, codigo, localizacao_id, padrao) values (7, Mampituba, null, null, 5310, ""N"");"
"insert into localizacao (localizacao_tipo_id, nome, sigla, codigo, localizacao_id, padrao) values (7, Maquiné, null, null, 5311, ""N"");"
"insert into localizacao (localizacao_tipo_id, nome, sigla, codigo, localizacao_id, padrao) values (7, Morrinhos do Sul, null, null, 5312, ""N"");"
"insert into localizacao (localizacao_tipo_id, nome, sigla, codigo, localizacao_id, padrao) values (7, Mostardas, null, null, 5313, ""N"");"
"insert into localizacao (localizacao_tipo_id, nome, sigla, codigo, localizacao_id, padrao) values (7, Osório, null, null, 5314, ""N"");"
"insert into localizacao (localizacao_tipo_id, nome, sigla, codigo, localizacao_id, padrao) values (7, Palmares do Sul, null, null, 5315, ""N"");"
"insert into localizacao (localizacao_tipo_id, nome, sigla, codigo, localizacao_id, padrao) values (7, Santo Antônio da Patrulha, null, null, 5316, ""N"");"
"insert into localizacao (localizacao_tipo_id, nome, sigla, codigo, localizacao_id, padrao) values (7, Tavares, null, null, 5317, ""N"");"
"insert into localizacao (localizacao_tipo_id, nome, sigla, codigo, localizacao_id, padrao) values (7, Terra de Areia, null, null, 5318, ""N"");"
"insert into localizacao (localizacao_tipo_id, nome, sigla, codigo, localizacao_id, padrao) values (7, Torres, null, null, 5319, ""N"");"
"insert into localizacao (localizacao_tipo_id, nome, sigla, codigo, localizacao_id, padrao) values (7, Tramandaí, null, null, 5320, ""N"");"
"insert into localizacao (localizacao_tipo_id, nome, sigla, codigo, localizacao_id, padrao) values (7, Três Cachoeiras, null, null, 5321, ""N"");"
"insert into localizacao (localizacao_tipo_id, nome, sigla, codigo, localizacao_id, padrao) values (7, Três Forquilhas, null, null, 5322, ""N"");"
"insert into localizacao (localizacao_tipo_id, nome, sigla, codigo, localizacao_id, padrao) values (7, Xangri-lá, null, null, 5323, ""N"");"
"insert into localizacao (localizacao_tipo_id, nome, sigla, codigo, localizacao_id, padrao) values (7, Arambaré, null, null, 5324, ""N"");"
"insert into localizacao (localizacao_tipo_id, nome, sigla, codigo, localizacao_id, padrao) values (7, Barra do Ribeiro, null, null, 5325, ""N"");"
"insert into localizacao (localizacao_tipo_id, nome, sigla, codigo, localizacao_id, padrao) values (7, Camaquã, null, null, 5326, ""N"");"
"insert into localizacao (localizacao_tipo_id, nome, sigla, codigo, localizacao_id, padrao) values (7, Cerro Grande do Sul, null, null, 5327, ""N"");"
"insert into localizacao (localizacao_tipo_id, nome, sigla, codigo, localizacao_id, padrao) values (7, Chuvisca, null, null, 5328, ""N"");"
"insert into localizacao (localizacao_tipo_id, nome, sigla, codigo, localizacao_id, padrao) values (7, Dom Feliciano, null, null, 5329, ""N"");"
"insert into localizacao (localizacao_tipo_id, nome, sigla, codigo, localizacao_id, padrao) values (7, Sentinela do Sul, null, null, 5330, ""N"");"
"insert into localizacao (localizacao_tipo_id, nome, sigla, codigo, localizacao_id, padrao) values (7, Tapes, null, null, 5331, ""N"");"
"insert into localizacao (localizacao_tipo_id, nome, sigla, codigo, localizacao_id, padrao) values (7, Alegrete, null, null, 5332, ""N"");"
"insert into localizacao (localizacao_tipo_id, nome, sigla, codigo, localizacao_id, padrao) values (7, Barra do Quaraí, null, null, 5333, ""N"");"
"insert into localizacao (localizacao_tipo_id, nome, sigla, codigo, localizacao_id, padrao) values (7, Garruchos, null, null, 5334, ""N"");"
"insert into localizacao (localizacao_tipo_id, nome, sigla, codigo, localizacao_id, padrao) values (7, Itaqui, null, null, 5335, ""N"");"
"insert into localizacao (localizacao_tipo_id, nome, sigla, codigo, localizacao_id, padrao) values (7, Maçambará, null, null, 5336, ""N"");"
"insert into localizacao (localizacao_tipo_id, nome, sigla, codigo, localizacao_id, padrao) values (7, Manoel Viana, null, null, 5337, ""N"");"
"insert into localizacao (localizacao_tipo_id, nome, sigla, codigo, localizacao_id, padrao) values (7, Quaraí, null, null, 5338, ""N"");"
"insert into localizacao (localizacao_tipo_id, nome, sigla, codigo, localizacao_id, padrao) values (7, São Borja, null, null, 5339, ""N"");"
"insert into localizacao (localizacao_tipo_id, nome, sigla, codigo, localizacao_id, padrao) values (7, São Francisco de Assis, null, null, 5340, ""N"");"
"insert into localizacao (localizacao_tipo_id, nome, sigla, codigo, localizacao_id, padrao) values (7, Uruguaiana, null, null, 5341, ""N"");"
"insert into localizacao (localizacao_tipo_id, nome, sigla, codigo, localizacao_id, padrao) values (7, Rosário do Sul, null, null, 5342, ""N"");"
"insert into localizacao (localizacao_tipo_id, nome, sigla, codigo, localizacao_id, padrao) values (7, Santa Margarida do Sul, null, null, 5343, ""N"");"
"insert into localizacao (localizacao_tipo_id, nome, sigla, codigo, localizacao_id, padrao) values (7, Sant'Ana do Livramento, null, null, 5344, ""N"");"
"insert into localizacao (localizacao_tipo_id, nome, sigla, codigo, localizacao_id, padrao) values (7, São Gabriel, null, null, 5345, ""N"");"
"insert into localizacao (localizacao_tipo_id, nome, sigla, codigo, localizacao_id, padrao) values (7, Aceguá, null, null, 5346, ""N"");"
"insert into localizacao (localizacao_tipo_id, nome, sigla, codigo, localizacao_id, padrao) values (7, Bagé, null, null, 5347, ""N"");"
"insert into localizacao (localizacao_tipo_id, nome, sigla, codigo, localizacao_id, padrao) values (7, Dom Pedrito, null, null, 5348, ""N"");"
"insert into localizacao (localizacao_tipo_id, nome, sigla, codigo, localizacao_id, padrao) values (7, Hulha Negra, null, null, 5349, ""N"");"
"insert into localizacao (localizacao_tipo_id, nome, sigla, codigo, localizacao_id, padrao) values (7, Lavras do Sul, null, null, 5350, ""N"");"
"insert into localizacao (localizacao_tipo_id, nome, sigla, codigo, localizacao_id, padrao) values (7, Amaral Ferrador, null, null, 5351, ""N"");"
"insert into localizacao (localizacao_tipo_id, nome, sigla, codigo, localizacao_id, padrao) values (7, Caçapava do Sul, null, null, 5352, ""N"");"
"insert into localizacao (localizacao_tipo_id, nome, sigla, codigo, localizacao_id, padrao) values (7, Candiota, null, null, 5353, ""N"");"
"insert into localizacao (localizacao_tipo_id, nome, sigla, codigo, localizacao_id, padrao) values (7, Encruzilhada do Sul, null, null, 5354, ""N"");"
"insert into localizacao (localizacao_tipo_id, nome, sigla, codigo, localizacao_id, padrao) values (7, Pedras Altas, null, null, 5355, ""N"");"
"insert into localizacao (localizacao_tipo_id, nome, sigla, codigo, localizacao_id, padrao) values (7, Pinheiro Machado, null, null, 5356, ""N"");"
"insert into localizacao (localizacao_tipo_id, nome, sigla, codigo, localizacao_id, padrao) values (7, Piratini, null, null, 5357, ""N"");"
"insert into localizacao (localizacao_tipo_id, nome, sigla, codigo, localizacao_id, padrao) values (7, Santana da Boa Vista, null, null, 5358, ""N"");"
"insert into localizacao (localizacao_tipo_id, nome, sigla, codigo, localizacao_id, padrao) values (7, Arroio do Padre, null, null, 5359, ""N"");"
"insert into localizacao (localizacao_tipo_id, nome, sigla, codigo, localizacao_id, padrao) values (7, Canguçu, null, null, 5360, ""N"");"
"insert into localizacao (localizacao_tipo_id, nome, sigla, codigo, localizacao_id, padrao) values (7, Capão do Leão, null, null, 5361, ""N"");"
"insert into localizacao (localizacao_tipo_id, nome, sigla, codigo, localizacao_id, padrao) values (7, Cerrito, null, null, 5362, ""N"");"
"insert into localizacao (localizacao_tipo_id, nome, sigla, codigo, localizacao_id, padrao) values (7, Cristal, null, null, 5363, ""N"");"
"insert into localizacao (localizacao_tipo_id, nome, sigla, codigo, localizacao_id, padrao) values (7, Morro Redondo, null, null, 5364, ""N"");"
"insert into localizacao (localizacao_tipo_id, nome, sigla, codigo, localizacao_id, padrao) values (7, Pedro Osório, null, null, 5365, ""N"");"
"insert into localizacao (localizacao_tipo_id, nome, sigla, codigo, localizacao_id, padrao) values (7, Pelotas, null, null, 5366, ""N"");"
"insert into localizacao (localizacao_tipo_id, nome, sigla, codigo, localizacao_id, padrao) values (7, São Lourenço do Sul, null, null, 5367, ""N"");"
"insert into localizacao (localizacao_tipo_id, nome, sigla, codigo, localizacao_id, padrao) values (7, Turuçu, null, null, 5368, ""N"");"
"insert into localizacao (localizacao_tipo_id, nome, sigla, codigo, localizacao_id, padrao) values (7, Arroio Grande, null, null, 5369, ""N"");"
"insert into localizacao (localizacao_tipo_id, nome, sigla, codigo, localizacao_id, padrao) values (7, Herval, null, null, 5370, ""N"");"
"insert into localizacao (localizacao_tipo_id, nome, sigla, codigo, localizacao_id, padrao) values (7, Jaguarão, null, null, 5371, ""N"");"
"insert into localizacao (localizacao_tipo_id, nome, sigla, codigo, localizacao_id, padrao) values (7, Chuí, null, null, 5372, ""N"");"
"insert into localizacao (localizacao_tipo_id, nome, sigla, codigo, localizacao_id, padrao) values (7, Rio Grande, null, null, 5373, ""N"");"
"insert into localizacao (localizacao_tipo_id, nome, sigla, codigo, localizacao_id, padrao) values (7, Santa Vitória do Palmar, null, null, 5374, ""N"");"
"insert into localizacao (localizacao_tipo_id, nome, sigla, codigo, localizacao_id, padrao) values (7, São José do Norte, null, null, 5375, ""N"");"
"insert into localizacao (localizacao_tipo_id, nome, sigla, codigo, localizacao_id, padrao) values (7, Corumbá, null, null, 5376, ""N"");"
"insert into localizacao (localizacao_tipo_id, nome, sigla, codigo, localizacao_id, padrao) values (7, Ladário, null, null, 5377, ""N"");"
"insert into localizacao (localizacao_tipo_id, nome, sigla, codigo, localizacao_id, padrao) values (7, Porto Murtinho, null, null, 5378, ""N"");"
"insert into localizacao (localizacao_tipo_id, nome, sigla, codigo, localizacao_id, padrao) values (7, Anastácio, null, null, 5379, ""N"");"
"insert into localizacao (localizacao_tipo_id, nome, sigla, codigo, localizacao_id, padrao) values (7, Aquidauana, null, null, 5380, ""N"");"
"insert into localizacao (localizacao_tipo_id, nome, sigla, codigo, localizacao_id, padrao) values (7, Dois Irmãos do Buriti, null, null, 5381, ""N"");"
"insert into localizacao (localizacao_tipo_id, nome, sigla, codigo, localizacao_id, padrao) values (7, Miranda, null, null, 5382, ""N"");"
"insert into localizacao (localizacao_tipo_id, nome, sigla, codigo, localizacao_id, padrao) values (7, Alcinópolis, null, null, 5383, ""N"");"
"insert into localizacao (localizacao_tipo_id, nome, sigla, codigo, localizacao_id, padrao) values (7, Camapuã, null, null, 5384, ""N"");"
"insert into localizacao (localizacao_tipo_id, nome, sigla, codigo, localizacao_id, padrao) values (7, Coxim, null, null, 5385, ""N"");"
"insert into localizacao (localizacao_tipo_id, nome, sigla, codigo, localizacao_id, padrao) values (7, Figueirão, null, null, 5386, ""N"");"
"insert into localizacao (localizacao_tipo_id, nome, sigla, codigo, localizacao_id, padrao) values (7, Pedro Gomes, null, null, 5387, ""N"");"
"insert into localizacao (localizacao_tipo_id, nome, sigla, codigo, localizacao_id, padrao) values (7, Rio Verde de Mato Grosso, null, null, 5388, ""N"");"
"insert into localizacao (localizacao_tipo_id, nome, sigla, codigo, localizacao_id, padrao) values (7, São Gabriel do Oeste, null, null, 5389, ""N"");"
"insert into localizacao (localizacao_tipo_id, nome, sigla, codigo, localizacao_id, padrao) values (7, Sonora, null, null, 5390, ""N"");"
"insert into localizacao (localizacao_tipo_id, nome, sigla, codigo, localizacao_id, padrao) values (7, Bandeirantes, null, null, 5391, ""N"");"
"insert into localizacao (localizacao_tipo_id, nome, sigla, codigo, localizacao_id, padrao) values (7, Campo Grande, null, null, 5392, ""N"");"
"insert into localizacao (localizacao_tipo_id, nome, sigla, codigo, localizacao_id, padrao) values (7, Corguinho, null, null, 5393, ""N"");"
"insert into localizacao (localizacao_tipo_id, nome, sigla, codigo, localizacao_id, padrao) values (7, Jaraguari, null, null, 5394, ""N"");"
"insert into localizacao (localizacao_tipo_id, nome, sigla, codigo, localizacao_id, padrao) values (7, Rio Negro, null, null, 5395, ""N"");"
"insert into localizacao (localizacao_tipo_id, nome, sigla, codigo, localizacao_id, padrao) values (7, Rochedo, null, null, 5396, ""N"");"
"insert into localizacao (localizacao_tipo_id, nome, sigla, codigo, localizacao_id, padrao) values (7, Sidrolândia, null, null, 5397, ""N"");"
"insert into localizacao (localizacao_tipo_id, nome, sigla, codigo, localizacao_id, padrao) values (7, Terenos, null, null, 5398, ""N"");"
"insert into localizacao (localizacao_tipo_id, nome, sigla, codigo, localizacao_id, padrao) values (7, Cassilândia, null, null, 5399, ""N"");"
"insert into localizacao (localizacao_tipo_id, nome, sigla, codigo, localizacao_id, padrao) values (7, Chapadão do Sul, null, null, 5400, ""N"");"
"insert into localizacao (localizacao_tipo_id, nome, sigla, codigo, localizacao_id, padrao) values (7, Costa Rica, null, null, 5401, ""N"");"
"insert into localizacao (localizacao_tipo_id, nome, sigla, codigo, localizacao_id, padrao) values (7, Paraíso das Águas, null, null, 5402, ""N"");"
"insert into localizacao (localizacao_tipo_id, nome, sigla, codigo, localizacao_id, padrao) values (7, Aparecida do Taboado, null, null, 5403, ""N"");"
"insert into localizacao (localizacao_tipo_id, nome, sigla, codigo, localizacao_id, padrao) values (7, Inocência, null, null, 5404, ""N"");"
"insert into localizacao (localizacao_tipo_id, nome, sigla, codigo, localizacao_id, padrao) values (7, Paranaíba, null, null, 5405, ""N"");"
"insert into localizacao (localizacao_tipo_id, nome, sigla, codigo, localizacao_id, padrao) values (7, Selvíria, null, null, 5406, ""N"");"
"insert into localizacao (localizacao_tipo_id, nome, sigla, codigo, localizacao_id, padrao) values (7, Água Clara, null, null, 5407, ""N"");"
"insert into localizacao (localizacao_tipo_id, nome, sigla, codigo, localizacao_id, padrao) values (7, Brasilândia, null, null, 5408, ""N"");"
"insert into localizacao (localizacao_tipo_id, nome, sigla, codigo, localizacao_id, padrao) values (7, Ribas do Rio Pardo, null, null, 5409, ""N"");"
"insert into localizacao (localizacao_tipo_id, nome, sigla, codigo, localizacao_id, padrao) values (7, Santa Rita do Pardo, null, null, 5410, ""N"");"
"insert into localizacao (localizacao_tipo_id, nome, sigla, codigo, localizacao_id, padrao) values (7, Três Lagoas, null, null, 5411, ""N"");"
"insert into localizacao (localizacao_tipo_id, nome, sigla, codigo, localizacao_id, padrao) values (7, Anaurilândia, null, null, 5412, ""N"");"
"insert into localizacao (localizacao_tipo_id, nome, sigla, codigo, localizacao_id, padrao) values (7, Bataguassu, null, null, 5413, ""N"");"
"insert into localizacao (localizacao_tipo_id, nome, sigla, codigo, localizacao_id, padrao) values (7, Batayporã, null, null, 5414, ""N"");"
"insert into localizacao (localizacao_tipo_id, nome, sigla, codigo, localizacao_id, padrao) values (7, Nova Andradina, null, null, 5415, ""N"");"
"insert into localizacao (localizacao_tipo_id, nome, sigla, codigo, localizacao_id, padrao) values (7, Taquarussu, null, null, 5416, ""N"");"
"insert into localizacao (localizacao_tipo_id, nome, sigla, codigo, localizacao_id, padrao) values (7, Bela Vista, null, null, 5417, ""N"");"
"insert into localizacao (localizacao_tipo_id, nome, sigla, codigo, localizacao_id, padrao) values (7, Bodoquena, null, null, 5418, ""N"");"
"insert into localizacao (localizacao_tipo_id, nome, sigla, codigo, localizacao_id, padrao) values (7, Bonito, null, null, 5419, ""N"");"
"insert into localizacao (localizacao_tipo_id, nome, sigla, codigo, localizacao_id, padrao) values (7, Caracol, null, null, 5420, ""N"");"
"insert into localizacao (localizacao_tipo_id, nome, sigla, codigo, localizacao_id, padrao) values (7, Guia Lopes da Laguna, null, null, 5421, ""N"");"
"insert into localizacao (localizacao_tipo_id, nome, sigla, codigo, localizacao_id, padrao) values (7, Jardim, null, null, 5422, ""N"");"
"insert into localizacao (localizacao_tipo_id, nome, sigla, codigo, localizacao_id, padrao) values (7, Nioaque, null, null, 5423, ""N"");"
"insert into localizacao (localizacao_tipo_id, nome, sigla, codigo, localizacao_id, padrao) values (7, Amambai, null, null, 5424, ""N"");"
"insert into localizacao (localizacao_tipo_id, nome, sigla, codigo, localizacao_id, padrao) values (7, Antônio João, null, null, 5425, ""N"");"
"insert into localizacao (localizacao_tipo_id, nome, sigla, codigo, localizacao_id, padrao) values (7, Aral Moreira, null, null, 5426, ""N"");"
"insert into localizacao (localizacao_tipo_id, nome, sigla, codigo, localizacao_id, padrao) values (7, Caarapó, null, null, 5427, ""N"");"
"insert into localizacao (localizacao_tipo_id, nome, sigla, codigo, localizacao_id, padrao) values (7, Douradina, null, null, 5428, ""N"");"
"insert into localizacao (localizacao_tipo_id, nome, sigla, codigo, localizacao_id, padrao) values (7, Dourados, null, null, 5429, ""N"");"
"insert into localizacao (localizacao_tipo_id, nome, sigla, codigo, localizacao_id, padrao) values (7, Fátima do Sul, null, null, 5430, ""N"");"
"insert into localizacao (localizacao_tipo_id, nome, sigla, codigo, localizacao_id, padrao) values (7, Itaporã, null, null, 5431, ""N"");"
"insert into localizacao (localizacao_tipo_id, nome, sigla, codigo, localizacao_id, padrao) values (7, Juti, null, null, 5432, ""N"");"
"insert into localizacao (localizacao_tipo_id, nome, sigla, codigo, localizacao_id, padrao) values (7, Laguna Carapã, null, null, 5433, ""N"");"
"insert into localizacao (localizacao_tipo_id, nome, sigla, codigo, localizacao_id, padrao) values (7, Maracaju, null, null, 5434, ""N"");"
"insert into localizacao (localizacao_tipo_id, nome, sigla, codigo, localizacao_id, padrao) values (7, Nova Alvorada do Sul, null, null, 5435, ""N"");"
"insert into localizacao (localizacao_tipo_id, nome, sigla, codigo, localizacao_id, padrao) values (7, Ponta Porã, null, null, 5436, ""N"");"
"insert into localizacao (localizacao_tipo_id, nome, sigla, codigo, localizacao_id, padrao) values (7, Rio Brilhante, null, null, 5437, ""N"");"
"insert into localizacao (localizacao_tipo_id, nome, sigla, codigo, localizacao_id, padrao) values (7, Vicentina, null, null, 5438, ""N"");"
"insert into localizacao (localizacao_tipo_id, nome, sigla, codigo, localizacao_id, padrao) values (7, Angélica, null, null, 5439, ""N"");"
"insert into localizacao (localizacao_tipo_id, nome, sigla, codigo, localizacao_id, padrao) values (7, Coronel Sapucaia, null, null, 5440, ""N"");"
"insert into localizacao (localizacao_tipo_id, nome, sigla, codigo, localizacao_id, padrao) values (7, Deodápolis, null, null, 5441, ""N"");"
"insert into localizacao (localizacao_tipo_id, nome, sigla, codigo, localizacao_id, padrao) values (7, Eldorado, null, null, 5442, ""N"");"
"insert into localizacao (localizacao_tipo_id, nome, sigla, codigo, localizacao_id, padrao) values (7, Glória de Dourados, null, null, 5443, ""N"");"
"insert into localizacao (localizacao_tipo_id, nome, sigla, codigo, localizacao_id, padrao) values (7, Iguatemi, null, null, 5444, ""N"");"
"insert into localizacao (localizacao_tipo_id, nome, sigla, codigo, localizacao_id, padrao) values (7, Itaquiraí, null, null, 5445, ""N"");"
"insert into localizacao (localizacao_tipo_id, nome, sigla, codigo, localizacao_id, padrao) values (7, Ivinhema, null, null, 5446, ""N"");"
"insert into localizacao (localizacao_tipo_id, nome, sigla, codigo, localizacao_id, padrao) values (7, Japorã, null, null, 5447, ""N"");"
"insert into localizacao (localizacao_tipo_id, nome, sigla, codigo, localizacao_id, padrao) values (7, Jateí, null, null, 5448, ""N"");"
"insert into localizacao (localizacao_tipo_id, nome, sigla, codigo, localizacao_id, padrao) values (7, Mundo Novo, null, null, 5449, ""N"");"
"insert into localizacao (localizacao_tipo_id, nome, sigla, codigo, localizacao_id, padrao) values (7, Naviraí, null, null, 5450, ""N"");"
"insert into localizacao (localizacao_tipo_id, nome, sigla, codigo, localizacao_id, padrao) values (7, Novo Horizonte do Sul, null, null, 5451, ""N"");"
"insert into localizacao (localizacao_tipo_id, nome, sigla, codigo, localizacao_id, padrao) values (7, Paranhos, null, null, 5452, ""N"");"
"insert into localizacao (localizacao_tipo_id, nome, sigla, codigo, localizacao_id, padrao) values (7, Sete Quedas, null, null, 5453, ""N"");"
"insert into localizacao (localizacao_tipo_id, nome, sigla, codigo, localizacao_id, padrao) values (7, Tacuru, null, null, 5454, ""N"");"
"insert into localizacao (localizacao_tipo_id, nome, sigla, codigo, localizacao_id, padrao) values (7, Aripuanã, null, null, 5455, ""N"");"
"insert into localizacao (localizacao_tipo_id, nome, sigla, codigo, localizacao_id, padrao) values (7, Brasnorte, null, null, 5456, ""N"");"
"insert into localizacao (localizacao_tipo_id, nome, sigla, codigo, localizacao_id, padrao) values (7, Castanheira, null, null, 5457, ""N"");"
"insert into localizacao (localizacao_tipo_id, nome, sigla, codigo, localizacao_id, padrao) values (7, Colniza, null, null, 5458, ""N"");"
"insert into localizacao (localizacao_tipo_id, nome, sigla, codigo, localizacao_id, padrao) values (7, Cotriguaçu, null, null, 5459, ""N"");"
"insert into localizacao (localizacao_tipo_id, nome, sigla, codigo, localizacao_id, padrao) values (7, Juína, null, null, 5460, ""N"");"
"insert into localizacao (localizacao_tipo_id, nome, sigla, codigo, localizacao_id, padrao) values (7, Juruena, null, null, 5461, ""N"");"
"insert into localizacao (localizacao_tipo_id, nome, sigla, codigo, localizacao_id, padrao) values (7, Rondolândia, null, null, 5462, ""N"");"
"insert into localizacao (localizacao_tipo_id, nome, sigla, codigo, localizacao_id, padrao) values (7, Alta Floresta, null, null, 5463, ""N"");"
"insert into localizacao (localizacao_tipo_id, nome, sigla, codigo, localizacao_id, padrao) values (7, Apiacás, null, null, 5464, ""N"");"
"insert into localizacao (localizacao_tipo_id, nome, sigla, codigo, localizacao_id, padrao) values (7, Carlinda, null, null, 5465, ""N"");"
"insert into localizacao (localizacao_tipo_id, nome, sigla, codigo, localizacao_id, padrao) values (7, Nova Bandeirantes, null, null, 5466, ""N"");"
"insert into localizacao (localizacao_tipo_id, nome, sigla, codigo, localizacao_id, padrao) values (7, Paranaíta, null, null, 5467, ""N"");"
"insert into localizacao (localizacao_tipo_id, nome, sigla, codigo, localizacao_id, padrao) values (7, Nova Monte Verde, null, null, 5468, ""N"");"
"insert into localizacao (localizacao_tipo_id, nome, sigla, codigo, localizacao_id, padrao) values (7, Colíder, null, null, 5469, ""N"");"
"insert into localizacao (localizacao_tipo_id, nome, sigla, codigo, localizacao_id, padrao) values (7, Guarantã do Norte, null, null, 5470, ""N"");"
"insert into localizacao (localizacao_tipo_id, nome, sigla, codigo, localizacao_id, padrao) values (7, Matupá, null, null, 5471, ""N"");"
"insert into localizacao (localizacao_tipo_id, nome, sigla, codigo, localizacao_id, padrao) values (7, Nova Canaã do Norte, null, null, 5472, ""N"");"
"insert into localizacao (localizacao_tipo_id, nome, sigla, codigo, localizacao_id, padrao) values (7, Novo Mundo, null, null, 5473, ""N"");"
"insert into localizacao (localizacao_tipo_id, nome, sigla, codigo, localizacao_id, padrao) values (7, Peixoto de Azevedo, null, null, 5474, ""N"");"
"insert into localizacao (localizacao_tipo_id, nome, sigla, codigo, localizacao_id, padrao) values (7, Terra Nova do Norte, null, null, 5475, ""N"");"
"insert into localizacao (localizacao_tipo_id, nome, sigla, codigo, localizacao_id, padrao) values (7, Nova Guarita, null, null, 5476, ""N"");"
"insert into localizacao (localizacao_tipo_id, nome, sigla, codigo, localizacao_id, padrao) values (7, Campo Novo do Parecis, null, null, 5477, ""N"");"
"insert into localizacao (localizacao_tipo_id, nome, sigla, codigo, localizacao_id, padrao) values (7, Campos de Júlio, null, null, 5478, ""N"");"
"insert into localizacao (localizacao_tipo_id, nome, sigla, codigo, localizacao_id, padrao) values (7, Comodoro, null, null, 5479, ""N"");"
"insert into localizacao (localizacao_tipo_id, nome, sigla, codigo, localizacao_id, padrao) values (7, Diamantino, null, null, 5480, ""N"");"
"insert into localizacao (localizacao_tipo_id, nome, sigla, codigo, localizacao_id, padrao) values (7, Sapezal, null, null, 5481, ""N"");"
"insert into localizacao (localizacao_tipo_id, nome, sigla, codigo, localizacao_id, padrao) values (7, Juara, null, null, 5482, ""N"");"
"insert into localizacao (localizacao_tipo_id, nome, sigla, codigo, localizacao_id, padrao) values (7, Novo Horizonte do Norte, null, null, 5483, ""N"");"
"insert into localizacao (localizacao_tipo_id, nome, sigla, codigo, localizacao_id, padrao) values (7, Porto dos Gaúchos, null, null, 5484, ""N"");"
"insert into localizacao (localizacao_tipo_id, nome, sigla, codigo, localizacao_id, padrao) values (7, São José do Rio Claro, null, null, 5485, ""N"");"
"insert into localizacao (localizacao_tipo_id, nome, sigla, codigo, localizacao_id, padrao) values (7, Tabaporã, null, null, 5486, ""N"");"
"insert into localizacao (localizacao_tipo_id, nome, sigla, codigo, localizacao_id, padrao) values (7, Nova Maringá, null, null, 5487, ""N"");"
"insert into localizacao (localizacao_tipo_id, nome, sigla, codigo, localizacao_id, padrao) values (7, Ipiranga do Norte, null, null, 5488, ""N"");"
"insert into localizacao (localizacao_tipo_id, nome, sigla, codigo, localizacao_id, padrao) values (7, Itanhangá, null, null, 5489, ""N"");"
"insert into localizacao (localizacao_tipo_id, nome, sigla, codigo, localizacao_id, padrao) values (7, Lucas do Rio Verde, null, null, 5490, ""N"");"
"insert into localizacao (localizacao_tipo_id, nome, sigla, codigo, localizacao_id, padrao) values (7, Nobres, null, null, 5491, ""N"");"
"insert into localizacao (localizacao_tipo_id, nome, sigla, codigo, localizacao_id, padrao) values (7, Nova Mutum, null, null, 5492, ""N"");"
"insert into localizacao (localizacao_tipo_id, nome, sigla, codigo, localizacao_id, padrao) values (7, Nova Ubiratã, null, null, 5493, ""N"");"
"insert into localizacao (localizacao_tipo_id, nome, sigla, codigo, localizacao_id, padrao) values (7, Santa Rita do Trivelato, null, null, 5494, ""N"");"
"insert into localizacao (localizacao_tipo_id, nome, sigla, codigo, localizacao_id, padrao) values (7, Sorriso, null, null, 5495, ""N"");"
"insert into localizacao (localizacao_tipo_id, nome, sigla, codigo, localizacao_id, padrao) values (7, Tapurah, null, null, 5496, ""N"");"
"insert into localizacao (localizacao_tipo_id, nome, sigla, codigo, localizacao_id, padrao) values (7, Cláudia, null, null, 5497, ""N"");"
"insert into localizacao (localizacao_tipo_id, nome, sigla, codigo, localizacao_id, padrao) values (7, Feliz Natal, null, null, 5498, ""N"");"
"insert into localizacao (localizacao_tipo_id, nome, sigla, codigo, localizacao_id, padrao) values (7, Itaúba, null, null, 5499, ""N"");"
"insert into localizacao (localizacao_tipo_id, nome, sigla, codigo, localizacao_id, padrao) values (7, Marcelândia, null, null, 5500, ""N"");"
"insert into localizacao (localizacao_tipo_id, nome, sigla, codigo, localizacao_id, padrao) values (7, Nova Santa Helena, null, null, 5501, ""N"");"
"insert into localizacao (localizacao_tipo_id, nome, sigla, codigo, localizacao_id, padrao) values (7, Santa Carmem, null, null, 5502, ""N"");"
"insert into localizacao (localizacao_tipo_id, nome, sigla, codigo, localizacao_id, padrao) values (7, Sinop, null, null, 5503, ""N"");"
"insert into localizacao (localizacao_tipo_id, nome, sigla, codigo, localizacao_id, padrao) values (7, União do Sul, null, null, 5504, ""N"");"
"insert into localizacao (localizacao_tipo_id, nome, sigla, codigo, localizacao_id, padrao) values (7, Vera, null, null, 5505, ""N"");"
"insert into localizacao (localizacao_tipo_id, nome, sigla, codigo, localizacao_id, padrao) values (7, Gaúcha do Norte, null, null, 5506, ""N"");"
"insert into localizacao (localizacao_tipo_id, nome, sigla, codigo, localizacao_id, padrao) values (7, Nova Brasilândia, null, null, 5507, ""N"");"
"insert into localizacao (localizacao_tipo_id, nome, sigla, codigo, localizacao_id, padrao) values (7, Paranatinga, null, null, 5508, ""N"");"
"insert into localizacao (localizacao_tipo_id, nome, sigla, codigo, localizacao_id, padrao) values (7, Planalto da Serra, null, null, 5509, ""N"");"
"insert into localizacao (localizacao_tipo_id, nome, sigla, codigo, localizacao_id, padrao) values (7, Alto Boa Vista, null, null, 5510, ""N"");"
"insert into localizacao (localizacao_tipo_id, nome, sigla, codigo, localizacao_id, padrao) values (7, Bom Jesus do Araguaia, null, null, 5511, ""N"");"
"insert into localizacao (localizacao_tipo_id, nome, sigla, codigo, localizacao_id, padrao) values (7, Canabrava do Norte, null, null, 5512, ""N"");"
"insert into localizacao (localizacao_tipo_id, nome, sigla, codigo, localizacao_id, padrao) values (7, Confresa, null, null, 5513, ""N"");"
"insert into localizacao (localizacao_tipo_id, nome, sigla, codigo, localizacao_id, padrao) values (7, Luciara, null, null, 5514, ""N"");"
"insert into localizacao (localizacao_tipo_id, nome, sigla, codigo, localizacao_id, padrao) values (7, Novo Santo Antônio, null, null, 5515, ""N"");"
"insert into localizacao (localizacao_tipo_id, nome, sigla, codigo, localizacao_id, padrao) values (7, Porto Alegre do Norte, null, null, 5516, ""N"");"
"insert into localizacao (localizacao_tipo_id, nome, sigla, codigo, localizacao_id, padrao) values (7, Ribeirão Cascalheira, null, null, 5517, ""N"");"
"insert into localizacao (localizacao_tipo_id, nome, sigla, codigo, localizacao_id, padrao) values (7, São José do Xingu, null, null, 5518, ""N"");"
"insert into localizacao (localizacao_tipo_id, nome, sigla, codigo, localizacao_id, padrao) values (7, Santa Cruz do Xingu, null, null, 5519, ""N"");"
"insert into localizacao (localizacao_tipo_id, nome, sigla, codigo, localizacao_id, padrao) values (7, Santa Terezinha, null, null, 5520, ""N"");"
"insert into localizacao (localizacao_tipo_id, nome, sigla, codigo, localizacao_id, padrao) values (7, São Félix do Araguaia, null, null, 5521, ""N"");"
"insert into localizacao (localizacao_tipo_id, nome, sigla, codigo, localizacao_id, padrao) values (7, Serra Nova Dourada, null, null, 5522, ""N"");"
"insert into localizacao (localizacao_tipo_id, nome, sigla, codigo, localizacao_id, padrao) values (7, Vila Rica, null, null, 5523, ""N"");"
"insert into localizacao (localizacao_tipo_id, nome, sigla, codigo, localizacao_id, padrao) values (7, Água Boa, null, null, 5524, ""N"");"
"insert into localizacao (localizacao_tipo_id, nome, sigla, codigo, localizacao_id, padrao) values (7, Campinápolis, null, null, 5525, ""N"");"
"insert into localizacao (localizacao_tipo_id, nome, sigla, codigo, localizacao_id, padrao) values (7, Canarana, null, null, 5526, ""N"");"
"insert into localizacao (localizacao_tipo_id, nome, sigla, codigo, localizacao_id, padrao) values (7, Nova Nazaré, null, null, 5527, ""N"");"
"insert into localizacao (localizacao_tipo_id, nome, sigla, codigo, localizacao_id, padrao) values (7, Nova Xavantina, null, null, 5528, ""N"");"
"insert into localizacao (localizacao_tipo_id, nome, sigla, codigo, localizacao_id, padrao) values (7, Novo São Joaquim, null, null, 5529, ""N"");"
"insert into localizacao (localizacao_tipo_id, nome, sigla, codigo, localizacao_id, padrao) values (7, Querência, null, null, 5530, ""N"");"
"insert into localizacao (localizacao_tipo_id, nome, sigla, codigo, localizacao_id, padrao) values (7, Santo Antônio do Leste, null, null, 5531, ""N"");"
"insert into localizacao (localizacao_tipo_id, nome, sigla, codigo, localizacao_id, padrao) values (7, Araguaiana, null, null, 5532, ""N"");"
"insert into localizacao (localizacao_tipo_id, nome, sigla, codigo, localizacao_id, padrao) values (7, Barra do Garças, null, null, 5533, ""N"");"
"insert into localizacao (localizacao_tipo_id, nome, sigla, codigo, localizacao_id, padrao) values (7, Cocalinho, null, null, 5534, ""N"");"
"insert into localizacao (localizacao_tipo_id, nome, sigla, codigo, localizacao_id, padrao) values (7, Conquista D'Oeste, null, null, 5535, ""N"");"
"insert into localizacao (localizacao_tipo_id, nome, sigla, codigo, localizacao_id, padrao) values (7, Vila Bela da Santíssima Trindade, null, null, 5536, ""N"");"
"insert into localizacao (localizacao_tipo_id, nome, sigla, codigo, localizacao_id, padrao) values (7, Nova Lacerda, null, null, 5537, ""N"");"
"insert into localizacao (localizacao_tipo_id, nome, sigla, codigo, localizacao_id, padrao) values (7, Pontes e Lacerda, null, null, 5538, ""N"");"
"insert into localizacao (localizacao_tipo_id, nome, sigla, codigo, localizacao_id, padrao) values (7, Vale de São Domingos, null, null, 5539, ""N"");"
"insert into localizacao (localizacao_tipo_id, nome, sigla, codigo, localizacao_id, padrao) values (7, Barra do Bugres, null, null, 5540, ""N"");"
"insert into localizacao (localizacao_tipo_id, nome, sigla, codigo, localizacao_id, padrao) values (7, Denise, null, null, 5541, ""N"");"
"insert into localizacao (localizacao_tipo_id, nome, sigla, codigo, localizacao_id, padrao) values (7, Nova Olímpia, null, null, 5542, ""N"");"
"insert into localizacao (localizacao_tipo_id, nome, sigla, codigo, localizacao_id, padrao) values (7, Porto Estrela, null, null, 5543, ""N"");"
"insert into localizacao (localizacao_tipo_id, nome, sigla, codigo, localizacao_id, padrao) values (7, Tangará da Serra, null, null, 5544, ""N"");"
"insert into localizacao (localizacao_tipo_id, nome, sigla, codigo, localizacao_id, padrao) values (7, Araputanga, null, null, 5545, ""N"");"
"insert into localizacao (localizacao_tipo_id, nome, sigla, codigo, localizacao_id, padrao) values (7, Figueirópolis D'Oeste, null, null, 5546, ""N"");"
"insert into localizacao (localizacao_tipo_id, nome, sigla, codigo, localizacao_id, padrao) values (7, Glória D'Oeste, null, null, 5547, ""N"");"
"insert into localizacao (localizacao_tipo_id, nome, sigla, codigo, localizacao_id, padrao) values (7, Indiavaí, null, null, 5548, ""N"");"
"insert into localizacao (localizacao_tipo_id, nome, sigla, codigo, localizacao_id, padrao) values (7, Jauru, null, null, 5549, ""N"");"
"insert into localizacao (localizacao_tipo_id, nome, sigla, codigo, localizacao_id, padrao) values (7, Lambari D'Oeste, null, null, 5550, ""N"");"
"insert into localizacao (localizacao_tipo_id, nome, sigla, codigo, localizacao_id, padrao) values (7, Mirassol d'Oeste, null, null, 5551, ""N"");"
"insert into localizacao (localizacao_tipo_id, nome, sigla, codigo, localizacao_id, padrao) values (7, Porto Esperidião, null, null, 5552, ""N"");"
"insert into localizacao (localizacao_tipo_id, nome, sigla, codigo, localizacao_id, padrao) values (7, São José dos Quatro Marcos, null, null, 5553, ""N"");"
"insert into localizacao (localizacao_tipo_id, nome, sigla, codigo, localizacao_id, padrao) values (7, Reserva do Cabaçal, null, null, 5554, ""N"");"
"insert into localizacao (localizacao_tipo_id, nome, sigla, codigo, localizacao_id, padrao) values (7, Rio Branco, null, null, 5555, ""N"");"
"insert into localizacao (localizacao_tipo_id, nome, sigla, codigo, localizacao_id, padrao) values (7, Salto do Céu, null, null, 5556, ""N"");"
"insert into localizacao (localizacao_tipo_id, nome, sigla, codigo, localizacao_id, padrao) values (7, Alto Paraguai, null, null, 5557, ""N"");"
"insert into localizacao (localizacao_tipo_id, nome, sigla, codigo, localizacao_id, padrao) values (7, Arenápolis, null, null, 5558, ""N"");"
"insert into localizacao (localizacao_tipo_id, nome, sigla, codigo, localizacao_id, padrao) values (7, Nortelândia, null, null, 5559, ""N"");"
"insert into localizacao (localizacao_tipo_id, nome, sigla, codigo, localizacao_id, padrao) values (7, Santo Afonso, null, null, 5560, ""N"");"
"insert into localizacao (localizacao_tipo_id, nome, sigla, codigo, localizacao_id, padrao) values (7, Nova Marilândia, null, null, 5561, ""N"");"
"insert into localizacao (localizacao_tipo_id, nome, sigla, codigo, localizacao_id, padrao) values (7, Acorizal, null, null, 5562, ""N"");"
"insert into localizacao (localizacao_tipo_id, nome, sigla, codigo, localizacao_id, padrao) values (7, Jangada, null, null, 5563, ""N"");"
"insert into localizacao (localizacao_tipo_id, nome, sigla, codigo, localizacao_id, padrao) values (7, Rosário Oeste, null, null, 5564, ""N"");"
"insert into localizacao (localizacao_tipo_id, nome, sigla, codigo, localizacao_id, padrao) values (7, Chapada dos Guimarães, null, null, 5565, ""N"");"
"insert into localizacao (localizacao_tipo_id, nome, sigla, codigo, localizacao_id, padrao) values (7, Cuiabá, null, null, 5566, ""N"");"
"insert into localizacao (localizacao_tipo_id, nome, sigla, codigo, localizacao_id, padrao) values (7, Nossa Senhora do Livramento, null, null, 5567, ""N"");"
"insert into localizacao (localizacao_tipo_id, nome, sigla, codigo, localizacao_id, padrao) values (7, Santo Antônio do Leverger, null, null, 5568, ""N"");"
"insert into localizacao (localizacao_tipo_id, nome, sigla, codigo, localizacao_id, padrao) values (7, Várzea Grande, null, null, 5569, ""N"");"
"insert into localizacao (localizacao_tipo_id, nome, sigla, codigo, localizacao_id, padrao) values (7, Barão de Melgaço, null, null, 5570, ""N"");"
"insert into localizacao (localizacao_tipo_id, nome, sigla, codigo, localizacao_id, padrao) values (7, Cáceres, null, null, 5571, ""N"");"
"insert into localizacao (localizacao_tipo_id, nome, sigla, codigo, localizacao_id, padrao) values (7, Curvelândia, null, null, 5572, ""N"");"
"insert into localizacao (localizacao_tipo_id, nome, sigla, codigo, localizacao_id, padrao) values (7, Poconé, null, null, 5573, ""N"");"
"insert into localizacao (localizacao_tipo_id, nome, sigla, codigo, localizacao_id, padrao) values (7, Campo Verde, null, null, 5574, ""N"");"
"insert into localizacao (localizacao_tipo_id, nome, sigla, codigo, localizacao_id, padrao) values (7, Primavera do Leste, null, null, 5575, ""N"");"
"insert into localizacao (localizacao_tipo_id, nome, sigla, codigo, localizacao_id, padrao) values (7, Araguainha, null, null, 5576, ""N"");"
"insert into localizacao (localizacao_tipo_id, nome, sigla, codigo, localizacao_id, padrao) values (7, General Carneiro, null, null, 5577, ""N"");"
"insert into localizacao (localizacao_tipo_id, nome, sigla, codigo, localizacao_id, padrao) values (7, Guiratinga, null, null, 5578, ""N"");"
"insert into localizacao (localizacao_tipo_id, nome, sigla, codigo, localizacao_id, padrao) values (7, Pontal do Araguaia, null, null, 5579, ""N"");"
"insert into localizacao (localizacao_tipo_id, nome, sigla, codigo, localizacao_id, padrao) values (7, Ponte Branca, null, null, 5580, ""N"");"
"insert into localizacao (localizacao_tipo_id, nome, sigla, codigo, localizacao_id, padrao) values (7, Poxoréo, null, null, 5581, ""N"");"
"insert into localizacao (localizacao_tipo_id, nome, sigla, codigo, localizacao_id, padrao) values (7, Ribeirãozinho, null, null, 5582, ""N"");"
"insert into localizacao (localizacao_tipo_id, nome, sigla, codigo, localizacao_id, padrao) values (7, Tesouro, null, null, 5583, ""N"");"
"insert into localizacao (localizacao_tipo_id, nome, sigla, codigo, localizacao_id, padrao) values (7, Torixoréu, null, null, 5584, ""N"");"
"insert into localizacao (localizacao_tipo_id, nome, sigla, codigo, localizacao_id, padrao) values (7, Dom Aquino, null, null, 5585, ""N"");"
"insert into localizacao (localizacao_tipo_id, nome, sigla, codigo, localizacao_id, padrao) values (7, Itiquira, null, null, 5586, ""N"");"
"insert into localizacao (localizacao_tipo_id, nome, sigla, codigo, localizacao_id, padrao) values (7, Jaciara, null, null, 5587, ""N"");"
"insert into localizacao (localizacao_tipo_id, nome, sigla, codigo, localizacao_id, padrao) values (7, Juscimeira, null, null, 5588, ""N"");"
"insert into localizacao (localizacao_tipo_id, nome, sigla, codigo, localizacao_id, padrao) values (7, Pedra Preta, null, null, 5589, ""N"");"
"insert into localizacao (localizacao_tipo_id, nome, sigla, codigo, localizacao_id, padrao) values (7, São José do Povo, null, null, 5590, ""N"");"
"insert into localizacao (localizacao_tipo_id, nome, sigla, codigo, localizacao_id, padrao) values (7, São Pedro da Cipa, null, null, 5591, ""N"");"
"insert into localizacao (localizacao_tipo_id, nome, sigla, codigo, localizacao_id, padrao) values (7, Rondonópolis, null, null, 5592, ""N"");"
"insert into localizacao (localizacao_tipo_id, nome, sigla, codigo, localizacao_id, padrao) values (7, Alto Araguaia, null, null, 5593, ""N"");"
"insert into localizacao (localizacao_tipo_id, nome, sigla, codigo, localizacao_id, padrao) values (7, Alto Garças, null, null, 5594, ""N"");"
"insert into localizacao (localizacao_tipo_id, nome, sigla, codigo, localizacao_id, padrao) values (7, Alto Taquari, null, null, 5595, ""N"");"
"insert into localizacao (localizacao_tipo_id, nome, sigla, codigo, localizacao_id, padrao) values (7, Crixás, null, null, 5596, ""N"");"
"insert into localizacao (localizacao_tipo_id, nome, sigla, codigo, localizacao_id, padrao) values (7, Mozarlândia, null, null, 5597, ""N"");"
"insert into localizacao (localizacao_tipo_id, nome, sigla, codigo, localizacao_id, padrao) values (7, Mundo Novo, null, null, 5598, ""N"");"
"insert into localizacao (localizacao_tipo_id, nome, sigla, codigo, localizacao_id, padrao) values (7, Nova Crixás, null, null, 5599, ""N"");"
"insert into localizacao (localizacao_tipo_id, nome, sigla, codigo, localizacao_id, padrao) values (7, Novo Planalto, null, null, 5600, ""N"");"
"insert into localizacao (localizacao_tipo_id, nome, sigla, codigo, localizacao_id, padrao) values (7, São Miguel do Araguaia, null, null, 5601, ""N"");"
"insert into localizacao (localizacao_tipo_id, nome, sigla, codigo, localizacao_id, padrao) values (7, Uirapuru, null, null, 5602, ""N"");"
"insert into localizacao (localizacao_tipo_id, nome, sigla, codigo, localizacao_id, padrao) values (7, Araguapaz, null, null, 5603, ""N"");"
"insert into localizacao (localizacao_tipo_id, nome, sigla, codigo, localizacao_id, padrao) values (7, Aruanã, null, null, 5604, ""N"");"
"insert into localizacao (localizacao_tipo_id, nome, sigla, codigo, localizacao_id, padrao) values (7, Britânia, null, null, 5605, ""N"");"
"insert into localizacao (localizacao_tipo_id, nome, sigla, codigo, localizacao_id, padrao) values (7, Faina, null, null, 5606, ""N"");"
"insert into localizacao (localizacao_tipo_id, nome, sigla, codigo, localizacao_id, padrao) values (7, Goiás, null, null, 5607, ""N"");"
"insert into localizacao (localizacao_tipo_id, nome, sigla, codigo, localizacao_id, padrao) values (7, Itapirapuã, null, null, 5608, ""N"");"
"insert into localizacao (localizacao_tipo_id, nome, sigla, codigo, localizacao_id, padrao) values (7, Jussara, null, null, 5609, ""N"");"
"insert into localizacao (localizacao_tipo_id, nome, sigla, codigo, localizacao_id, padrao) values (7, Matrinchã, null, null, 5610, ""N"");"
"insert into localizacao (localizacao_tipo_id, nome, sigla, codigo, localizacao_id, padrao) values (7, Santa Fé de Goiás, null, null, 5611, ""N"");"
"insert into localizacao (localizacao_tipo_id, nome, sigla, codigo, localizacao_id, padrao) values (7, Aragarças, null, null, 5612, ""N"");"
"insert into localizacao (localizacao_tipo_id, nome, sigla, codigo, localizacao_id, padrao) values (7, Arenópolis, null, null, 5613, ""N"");"
"insert into localizacao (localizacao_tipo_id, nome, sigla, codigo, localizacao_id, padrao) values (7, Baliza, null, null, 5614, ""N"");"
"insert into localizacao (localizacao_tipo_id, nome, sigla, codigo, localizacao_id, padrao) values (7, Bom Jardim de Goiás, null, null, 5615, ""N"");"
"insert into localizacao (localizacao_tipo_id, nome, sigla, codigo, localizacao_id, padrao) values (7, Diorama, null, null, 5616, ""N"");"
"insert into localizacao (localizacao_tipo_id, nome, sigla, codigo, localizacao_id, padrao) values (7, Montes Claros de Goiás, null, null, 5617, ""N"");"
"insert into localizacao (localizacao_tipo_id, nome, sigla, codigo, localizacao_id, padrao) values (7, Piranhas, null, null, 5618, ""N"");"
"insert into localizacao (localizacao_tipo_id, nome, sigla, codigo, localizacao_id, padrao) values (7, Alto Horizonte, null, null, 5619, ""N"");"
"insert into localizacao (localizacao_tipo_id, nome, sigla, codigo, localizacao_id, padrao) values (7, Amaralina, null, null, 5620, ""N"");"
"insert into localizacao (localizacao_tipo_id, nome, sigla, codigo, localizacao_id, padrao) values (7, Bonópolis, null, null, 5621, ""N"");"
"insert into localizacao (localizacao_tipo_id, nome, sigla, codigo, localizacao_id, padrao) values (7, Campinaçu, null, null, 5622, ""N"");"
"insert into localizacao (localizacao_tipo_id, nome, sigla, codigo, localizacao_id, padrao) values (7, Campinorte, null, null, 5623, ""N"");"
"insert into localizacao (localizacao_tipo_id, nome, sigla, codigo, localizacao_id, padrao) values (7, Campos Verdes, null, null, 5624, ""N"");"
"insert into localizacao (localizacao_tipo_id, nome, sigla, codigo, localizacao_id, padrao) values (7, Estrela do Norte, null, null, 5625, ""N"");"
"insert into localizacao (localizacao_tipo_id, nome, sigla, codigo, localizacao_id, padrao) values (7, Formoso, null, null, 5626, ""N"");"
"insert into localizacao (localizacao_tipo_id, nome, sigla, codigo, localizacao_id, padrao) values (7, Mara Rosa, null, null, 5627, ""N"");"
"insert into localizacao (localizacao_tipo_id, nome, sigla, codigo, localizacao_id, padrao) values (7, Minaçu, null, null, 5628, ""N"");"
"insert into localizacao (localizacao_tipo_id, nome, sigla, codigo, localizacao_id, padrao) values (7, Montividiu do Norte, null, null, 5629, ""N"");"
"insert into localizacao (localizacao_tipo_id, nome, sigla, codigo, localizacao_id, padrao) values (7, Mutunópolis, null, null, 5630, ""N"");"
"insert into localizacao (localizacao_tipo_id, nome, sigla, codigo, localizacao_id, padrao) values (7, Niquelândia, null, null, 5631, ""N"");"
"insert into localizacao (localizacao_tipo_id, nome, sigla, codigo, localizacao_id, padrao) values (7, Nova Iguaçu de Goiás, null, null, 5632, ""N"");"
"insert into localizacao (localizacao_tipo_id, nome, sigla, codigo, localizacao_id, padrao) values (7, Porangatu, null, null, 5633, ""N"");"
"insert into localizacao (localizacao_tipo_id, nome, sigla, codigo, localizacao_id, padrao) values (7, Santa Tereza de Goiás, null, null, 5634, ""N"");"
"insert into localizacao (localizacao_tipo_id, nome, sigla, codigo, localizacao_id, padrao) values (7, Santa Terezinha de Goiás, null, null, 5635, ""N"");"
"insert into localizacao (localizacao_tipo_id, nome, sigla, codigo, localizacao_id, padrao) values (7, Trombas, null, null, 5636, ""N"");"
"insert into localizacao (localizacao_tipo_id, nome, sigla, codigo, localizacao_id, padrao) values (7, Uruaçu, null, null, 5637, ""N"");"
"insert into localizacao (localizacao_tipo_id, nome, sigla, codigo, localizacao_id, padrao) values (7, Alto Paraíso de Goiás, null, null, 5638, ""N"");"
"insert into localizacao (localizacao_tipo_id, nome, sigla, codigo, localizacao_id, padrao) values (7, Campos Belos, null, null, 5639, ""N"");"
"insert into localizacao (localizacao_tipo_id, nome, sigla, codigo, localizacao_id, padrao) values (7, Cavalcante, null, null, 5640, ""N"");"
"insert into localizacao (localizacao_tipo_id, nome, sigla, codigo, localizacao_id, padrao) values (7, Colinas do Sul, null, null, 5641, ""N"");"
"insert into localizacao (localizacao_tipo_id, nome, sigla, codigo, localizacao_id, padrao) values (7, Monte Alegre de Goiás, null, null, 5642, ""N"");"
"insert into localizacao (localizacao_tipo_id, nome, sigla, codigo, localizacao_id, padrao) values (7, Nova Roma, null, null, 5643, ""N"");"
"insert into localizacao (localizacao_tipo_id, nome, sigla, codigo, localizacao_id, padrao) values (7, São João d'Aliança, null, null, 5644, ""N"");"
"insert into localizacao (localizacao_tipo_id, nome, sigla, codigo, localizacao_id, padrao) values (7, Teresina de Goiás, null, null, 5645, ""N"");"
"insert into localizacao (localizacao_tipo_id, nome, sigla, codigo, localizacao_id, padrao) values (7, Barro Alto, null, null, 5646, ""N"");"
"insert into localizacao (localizacao_tipo_id, nome, sigla, codigo, localizacao_id, padrao) values (7, Carmo do Rio Verde, null, null, 5647, ""N"");"
"insert into localizacao (localizacao_tipo_id, nome, sigla, codigo, localizacao_id, padrao) values (7, Ceres, null, null, 5648, ""N"");"
"insert into localizacao (localizacao_tipo_id, nome, sigla, codigo, localizacao_id, padrao) values (7, Goianésia, null, null, 5649, ""N"");"
"insert into localizacao (localizacao_tipo_id, nome, sigla, codigo, localizacao_id, padrao) values (7, Guaraíta, null, null, 5650, ""N"");"
"insert into localizacao (localizacao_tipo_id, nome, sigla, codigo, localizacao_id, padrao) values (7, Guarinos, null, null, 5651, ""N"");"
"insert into localizacao (localizacao_tipo_id, nome, sigla, codigo, localizacao_id, padrao) values (7, Hidrolina, null, null, 5652, ""N"");"
"insert into localizacao (localizacao_tipo_id, nome, sigla, codigo, localizacao_id, padrao) values (7, Ipiranga de Goiás, null, null, 5653, ""N"");"
"insert into localizacao (localizacao_tipo_id, nome, sigla, codigo, localizacao_id, padrao) values (7, Itapaci, null, null, 5654, ""N"");"
"insert into localizacao (localizacao_tipo_id, nome, sigla, codigo, localizacao_id, padrao) values (7, Itapuranga, null, null, 5655, ""N"");"
"insert into localizacao (localizacao_tipo_id, nome, sigla, codigo, localizacao_id, padrao) values (7, Morro Agudo de Goiás, null, null, 5656, ""N"");"
"insert into localizacao (localizacao_tipo_id, nome, sigla, codigo, localizacao_id, padrao) values (7, Nova América, null, null, 5657, ""N"");"
"insert into localizacao (localizacao_tipo_id, nome, sigla, codigo, localizacao_id, padrao) values (7, Nova Glória, null, null, 5658, ""N"");"
"insert into localizacao (localizacao_tipo_id, nome, sigla, codigo, localizacao_id, padrao) values (7, Pilar de Goiás, null, null, 5659, ""N"");"
"insert into localizacao (localizacao_tipo_id, nome, sigla, codigo, localizacao_id, padrao) values (7, Rialma, null, null, 5660, ""N"");"
"insert into localizacao (localizacao_tipo_id, nome, sigla, codigo, localizacao_id, padrao) values (7, Rianápolis, null, null, 5661, ""N"");"
"insert into localizacao (localizacao_tipo_id, nome, sigla, codigo, localizacao_id, padrao) values (7, Rubiataba, null, null, 5662, ""N"");"
"insert into localizacao (localizacao_tipo_id, nome, sigla, codigo, localizacao_id, padrao) values (7, Santa Isabel, null, null, 5663, ""N"");"
"insert into localizacao (localizacao_tipo_id, nome, sigla, codigo, localizacao_id, padrao) values (7, Santa Rita do Novo Destino, null, null, 5664, ""N"");"
"insert into localizacao (localizacao_tipo_id, nome, sigla, codigo, localizacao_id, padrao) values (7, São Luíz do Norte, null, null, 5665, ""N"");"
"insert into localizacao (localizacao_tipo_id, nome, sigla, codigo, localizacao_id, padrao) values (7, São Patrício, null, null, 5666, ""N"");"
"insert into localizacao (localizacao_tipo_id, nome, sigla, codigo, localizacao_id, padrao) values (7, Uruana, null, null, 5667, ""N"");"
"insert into localizacao (localizacao_tipo_id, nome, sigla, codigo, localizacao_id, padrao) values (7, Anápolis, null, null, 5668, ""N"");"
"insert into localizacao (localizacao_tipo_id, nome, sigla, codigo, localizacao_id, padrao) values (7, Araçu, null, null, 5669, ""N"");"
"insert into localizacao (localizacao_tipo_id, nome, sigla, codigo, localizacao_id, padrao) values (7, Brazabrantes, null, null, 5670, ""N"");"
"insert into localizacao (localizacao_tipo_id, nome, sigla, codigo, localizacao_id, padrao) values (7, Campo Limpo de Goiás, null, null, 5671, ""N"");"
"insert into localizacao (localizacao_tipo_id, nome, sigla, codigo, localizacao_id, padrao) values (7, Caturaí, null, null, 5672, ""N"");"
"insert into localizacao (localizacao_tipo_id, nome, sigla, codigo, localizacao_id, padrao) values (7, Damolândia, null, null, 5673, ""N"");"
"insert into localizacao (localizacao_tipo_id, nome, sigla, codigo, localizacao_id, padrao) values (7, Heitoraí, null, null, 5674, ""N"");"
"insert into localizacao (localizacao_tipo_id, nome, sigla, codigo, localizacao_id, padrao) values (7, Inhumas, null, null, 5675, ""N"");"
"insert into localizacao (localizacao_tipo_id, nome, sigla, codigo, localizacao_id, padrao) values (7, Itaberaí, null, null, 5676, ""N"");"
"insert into localizacao (localizacao_tipo_id, nome, sigla, codigo, localizacao_id, padrao) values (7, Itaguari, null, null, 5677, ""N"");"
"insert into localizacao (localizacao_tipo_id, nome, sigla, codigo, localizacao_id, padrao) values (7, Itaguaru, null, null, 5678, ""N"");"
"insert into localizacao (localizacao_tipo_id, nome, sigla, codigo, localizacao_id, padrao) values (7, Itauçu, null, null, 5679, ""N"");"
"insert into localizacao (localizacao_tipo_id, nome, sigla, codigo, localizacao_id, padrao) values (7, Jaraguá, null, null, 5680, ""N"");"
"insert into localizacao (localizacao_tipo_id, nome, sigla, codigo, localizacao_id, padrao) values (7, Jesúpolis, null, null, 5681, ""N"");"
"insert into localizacao (localizacao_tipo_id, nome, sigla, codigo, localizacao_id, padrao) values (7, Nova Veneza, null, null, 5682, ""N"");"
"insert into localizacao (localizacao_tipo_id, nome, sigla, codigo, localizacao_id, padrao) values (7, Ouro Verde de Goiás, null, null, 5683, ""N"");"
"insert into localizacao (localizacao_tipo_id, nome, sigla, codigo, localizacao_id, padrao) values (7, Petrolina de Goiás, null, null, 5684, ""N"");"
"insert into localizacao (localizacao_tipo_id, nome, sigla, codigo, localizacao_id, padrao) values (7, Santa Rosa de Goiás, null, null, 5685, ""N"");"
"insert into localizacao (localizacao_tipo_id, nome, sigla, codigo, localizacao_id, padrao) values (7, São Francisco de Goiás, null, null, 5686, ""N"");"
"insert into localizacao (localizacao_tipo_id, nome, sigla, codigo, localizacao_id, padrao) values (7, Taquaral de Goiás, null, null, 5687, ""N"");"
"insert into localizacao (localizacao_tipo_id, nome, sigla, codigo, localizacao_id, padrao) values (7, Amorinópolis, null, null, 5688, ""N"");"
"insert into localizacao (localizacao_tipo_id, nome, sigla, codigo, localizacao_id, padrao) values (7, Cachoeira de Goiás, null, null, 5689, ""N"");"
"insert into localizacao (localizacao_tipo_id, nome, sigla, codigo, localizacao_id, padrao) values (7, Córrego do Ouro, null, null, 5690, ""N"");"
"insert into localizacao (localizacao_tipo_id, nome, sigla, codigo, localizacao_id, padrao) values (7, Fazenda Nova, null, null, 5691, ""N"");"
"insert into localizacao (localizacao_tipo_id, nome, sigla, codigo, localizacao_id, padrao) values (7, Iporá, null, null, 5692, ""N"");"
"insert into localizacao (localizacao_tipo_id, nome, sigla, codigo, localizacao_id, padrao) values (7, Israelândia, null, null, 5693, ""N"");"
"insert into localizacao (localizacao_tipo_id, nome, sigla, codigo, localizacao_id, padrao) values (7, Ivolândia, null, null, 5694, ""N"");"
"insert into localizacao (localizacao_tipo_id, nome, sigla, codigo, localizacao_id, padrao) values (7, Jaupaci, null, null, 5695, ""N"");"
"insert into localizacao (localizacao_tipo_id, nome, sigla, codigo, localizacao_id, padrao) values (7, Moiporá, null, null, 5696, ""N"");"
"insert into localizacao (localizacao_tipo_id, nome, sigla, codigo, localizacao_id, padrao) values (7, Novo Brasil, null, null, 5697, ""N"");"
"insert into localizacao (localizacao_tipo_id, nome, sigla, codigo, localizacao_id, padrao) values (7, Adelândia, null, null, 5698, ""N"");"
"insert into localizacao (localizacao_tipo_id, nome, sigla, codigo, localizacao_id, padrao) values (7, Americano do Brasil, null, null, 5699, ""N"");"
"insert into localizacao (localizacao_tipo_id, nome, sigla, codigo, localizacao_id, padrao) values (7, Anicuns, null, null, 5700, ""N"");"
"insert into localizacao (localizacao_tipo_id, nome, sigla, codigo, localizacao_id, padrao) values (7, Aurilândia, null, null, 5701, ""N"");"
"insert into localizacao (localizacao_tipo_id, nome, sigla, codigo, localizacao_id, padrao) values (7, Avelinópolis, null, null, 5702, ""N"");"
"insert into localizacao (localizacao_tipo_id, nome, sigla, codigo, localizacao_id, padrao) values (7, Buriti de Goiás, null, null, 5703, ""N"");"
"insert into localizacao (localizacao_tipo_id, nome, sigla, codigo, localizacao_id, padrao) values (7, Firminópolis, null, null, 5704, ""N"");"
"insert into localizacao (localizacao_tipo_id, nome, sigla, codigo, localizacao_id, padrao) values (7, Mossâmedes, null, null, 5705, ""N"");"
"insert into localizacao (localizacao_tipo_id, nome, sigla, codigo, localizacao_id, padrao) values (7, Nazário, null, null, 5706, ""N"");"
"insert into localizacao (localizacao_tipo_id, nome, sigla, codigo, localizacao_id, padrao) values (7, Sanclerlândia, null, null, 5707, ""N"");"
"insert into localizacao (localizacao_tipo_id, nome, sigla, codigo, localizacao_id, padrao) values (7, Santa Bárbara de Goiás, null, null, 5708, ""N"");"
"insert into localizacao (localizacao_tipo_id, nome, sigla, codigo, localizacao_id, padrao) values (7, São Luís de Montes Belos, null, null, 5709, ""N"");"
"insert into localizacao (localizacao_tipo_id, nome, sigla, codigo, localizacao_id, padrao) values (7, Turvânia, null, null, 5710, ""N"");"
"insert into localizacao (localizacao_tipo_id, nome, sigla, codigo, localizacao_id, padrao) values (7, Abadia de Goiás, null, null, 5711, ""N"");"
"insert into localizacao (localizacao_tipo_id, nome, sigla, codigo, localizacao_id, padrao) values (7, Aparecida de Goiânia, null, null, 5712, ""N"");"
"insert into localizacao (localizacao_tipo_id, nome, sigla, codigo, localizacao_id, padrao) values (7, Aragoiânia, null, null, 5713, ""N"");"
"insert into localizacao (localizacao_tipo_id, nome, sigla, codigo, localizacao_id, padrao) values (7, Bela Vista de Goiás, null, null, 5714, ""N"");"
"insert into localizacao (localizacao_tipo_id, nome, sigla, codigo, localizacao_id, padrao) values (7, Bonfinópolis, null, null, 5715, ""N"");"
"insert into localizacao (localizacao_tipo_id, nome, sigla, codigo, localizacao_id, padrao) values (7, Caldazinha, null, null, 5716, ""N"");"
"insert into localizacao (localizacao_tipo_id, nome, sigla, codigo, localizacao_id, padrao) values (7, Goianápolis, null, null, 5717, ""N"");"
"insert into localizacao (localizacao_tipo_id, nome, sigla, codigo, localizacao_id, padrao) values (7, Goiânia, null, null, 5718, ""N"");"
"insert into localizacao (localizacao_tipo_id, nome, sigla, codigo, localizacao_id, padrao) values (7, Goianira, null, null, 5719, ""N"");"
"insert into localizacao (localizacao_tipo_id, nome, sigla, codigo, localizacao_id, padrao) values (7, Guapó, null, null, 5720, ""N"");"
"insert into localizacao (localizacao_tipo_id, nome, sigla, codigo, localizacao_id, padrao) values (7, Hidrolândia, null, null, 5721, ""N"");"
"insert into localizacao (localizacao_tipo_id, nome, sigla, codigo, localizacao_id, padrao) values (7, Leopoldo de Bulhões, null, null, 5722, ""N"");"
"insert into localizacao (localizacao_tipo_id, nome, sigla, codigo, localizacao_id, padrao) values (7, Nerópolis, null, null, 5723, ""N"");"
"insert into localizacao (localizacao_tipo_id, nome, sigla, codigo, localizacao_id, padrao) values (7, Santo Antônio de Goiás, null, null, 5724, ""N"");"
"insert into localizacao (localizacao_tipo_id, nome, sigla, codigo, localizacao_id, padrao) values (7, Senador Canedo, null, null, 5725, ""N"");"
"insert into localizacao (localizacao_tipo_id, nome, sigla, codigo, localizacao_id, padrao) values (7, Terezópolis de Goiás, null, null, 5726, ""N"");"
"insert into localizacao (localizacao_tipo_id, nome, sigla, codigo, localizacao_id, padrao) values (7, Trindade, null, null, 5727, ""N"");"
"insert into localizacao (localizacao_tipo_id, nome, sigla, codigo, localizacao_id, padrao) values (7, Alvorada do Norte, null, null, 5728, ""N"");"
"insert into localizacao (localizacao_tipo_id, nome, sigla, codigo, localizacao_id, padrao) values (7, Buritinópolis, null, null, 5729, ""N"");"
"insert into localizacao (localizacao_tipo_id, nome, sigla, codigo, localizacao_id, padrao) values (7, Damianópolis, null, null, 5730, ""N"");"
"insert into localizacao (localizacao_tipo_id, nome, sigla, codigo, localizacao_id, padrao) values (7, Flores de Goiás, null, null, 5731, ""N"");"
"insert into localizacao (localizacao_tipo_id, nome, sigla, codigo, localizacao_id, padrao) values (7, Divinópolis de Goiás, null, null, 5732, ""N"");"
"insert into localizacao (localizacao_tipo_id, nome, sigla, codigo, localizacao_id, padrao) values (7, Guarani de Goiás, null, null, 5733, ""N"");"
"insert into localizacao (localizacao_tipo_id, nome, sigla, codigo, localizacao_id, padrao) values (7, Iaciara, null, null, 5734, ""N"");"
"insert into localizacao (localizacao_tipo_id, nome, sigla, codigo, localizacao_id, padrao) values (7, Mambaí, null, null, 5735, ""N"");"
"insert into localizacao (localizacao_tipo_id, nome, sigla, codigo, localizacao_id, padrao) values (7, Posse, null, null, 5736, ""N"");"
"insert into localizacao (localizacao_tipo_id, nome, sigla, codigo, localizacao_id, padrao) values (7, São Domingos, null, null, 5737, ""N"");"
"insert into localizacao (localizacao_tipo_id, nome, sigla, codigo, localizacao_id, padrao) values (7, Simolândia, null, null, 5738, ""N"");"
"insert into localizacao (localizacao_tipo_id, nome, sigla, codigo, localizacao_id, padrao) values (7, Sítio d'Abadia, null, null, 5739, ""N"");"
"insert into localizacao (localizacao_tipo_id, nome, sigla, codigo, localizacao_id, padrao) values (7, Abadiânia, null, null, 5740, ""N"");"
"insert into localizacao (localizacao_tipo_id, nome, sigla, codigo, localizacao_id, padrao) values (7, Água Fria de Goiás, null, null, 5741, ""N"");"
"insert into localizacao (localizacao_tipo_id, nome, sigla, codigo, localizacao_id, padrao) values (7, Águas Lindas de Goiás, null, null, 5742, ""N"");"
"insert into localizacao (localizacao_tipo_id, nome, sigla, codigo, localizacao_id, padrao) values (7, Alexânia, null, null, 5743, ""N"");"
"insert into localizacao (localizacao_tipo_id, nome, sigla, codigo, localizacao_id, padrao) values (7, Cabeceiras, null, null, 5744, ""N"");"
"insert into localizacao (localizacao_tipo_id, nome, sigla, codigo, localizacao_id, padrao) values (7, Cidade Ocidental, null, null, 5745, ""N"");"
"insert into localizacao (localizacao_tipo_id, nome, sigla, codigo, localizacao_id, padrao) values (7, Cocalzinho de Goiás, null, null, 5746, ""N"");"
"insert into localizacao (localizacao_tipo_id, nome, sigla, codigo, localizacao_id, padrao) values (7, Corumbá de Goiás, null, null, 5747, ""N"");"
"insert into localizacao (localizacao_tipo_id, nome, sigla, codigo, localizacao_id, padrao) values (7, Cristalina, null, null, 5748, ""N"");"
"insert into localizacao (localizacao_tipo_id, nome, sigla, codigo, localizacao_id, padrao) values (7, Formosa, null, null, 5749, ""N"");"
"insert into localizacao (localizacao_tipo_id, nome, sigla, codigo, localizacao_id, padrao) values (7, Luziânia, null, null, 5750, ""N"");"
"insert into localizacao (localizacao_tipo_id, nome, sigla, codigo, localizacao_id, padrao) values (7, Mimoso de Goiás, null, null, 5751, ""N"");"
"insert into localizacao (localizacao_tipo_id, nome, sigla, codigo, localizacao_id, padrao) values (7, Novo Gama, null, null, 5752, ""N"");"
"insert into localizacao (localizacao_tipo_id, nome, sigla, codigo, localizacao_id, padrao) values (7, Padre Bernardo, null, null, 5753, ""N"");"
"insert into localizacao (localizacao_tipo_id, nome, sigla, codigo, localizacao_id, padrao) values (7, Pirenópolis, null, null, 5754, ""N"");"
"insert into localizacao (localizacao_tipo_id, nome, sigla, codigo, localizacao_id, padrao) values (7, Planaltina, null, null, 5755, ""N"");"
"insert into localizacao (localizacao_tipo_id, nome, sigla, codigo, localizacao_id, padrao) values (7, Santo Antônio do Descoberto, null, null, 5756, ""N"");"
"insert into localizacao (localizacao_tipo_id, nome, sigla, codigo, localizacao_id, padrao) values (7, Valparaíso de Goiás, null, null, 5757, ""N"");"
"insert into localizacao (localizacao_tipo_id, nome, sigla, codigo, localizacao_id, padrao) values (7, Vila Boa, null, null, 5758, ""N"");"
"insert into localizacao (localizacao_tipo_id, nome, sigla, codigo, localizacao_id, padrao) values (7, Vila Propício, null, null, 5759, ""N"");"
"insert into localizacao (localizacao_tipo_id, nome, sigla, codigo, localizacao_id, padrao) values (7, Aparecida do Rio Doce, null, null, 5760, ""N"");"
"insert into localizacao (localizacao_tipo_id, nome, sigla, codigo, localizacao_id, padrao) values (7, Aporé, null, null, 5761, ""N"");"
"insert into localizacao (localizacao_tipo_id, nome, sigla, codigo, localizacao_id, padrao) values (7, Caiapônia, null, null, 5762, ""N"");"
"insert into localizacao (localizacao_tipo_id, nome, sigla, codigo, localizacao_id, padrao) values (7, Castelândia, null, null, 5763, ""N"");"
"insert into localizacao (localizacao_tipo_id, nome, sigla, codigo, localizacao_id, padrao) values (7, Chapadão do Céu, null, null, 5764, ""N"");"
"insert into localizacao (localizacao_tipo_id, nome, sigla, codigo, localizacao_id, padrao) values (7, Doverlândia, null, null, 5765, ""N"");"
"insert into localizacao (localizacao_tipo_id, nome, sigla, codigo, localizacao_id, padrao) values (7, Jataí, null, null, 5766, ""N"");"
"insert into localizacao (localizacao_tipo_id, nome, sigla, codigo, localizacao_id, padrao) values (7, Maurilândia, null, null, 5767, ""N"");"
"insert into localizacao (localizacao_tipo_id, nome, sigla, codigo, localizacao_id, padrao) values (7, Mineiros, null, null, 5768, ""N"");"
"insert into localizacao (localizacao_tipo_id, nome, sigla, codigo, localizacao_id, padrao) values (7, Montividiu, null, null, 5769, ""N"");"
"insert into localizacao (localizacao_tipo_id, nome, sigla, codigo, localizacao_id, padrao) values (7, Palestina de Goiás, null, null, 5770, ""N"");"
"insert into localizacao (localizacao_tipo_id, nome, sigla, codigo, localizacao_id, padrao) values (7, Perolândia, null, null, 5771, ""N"");"
"insert into localizacao (localizacao_tipo_id, nome, sigla, codigo, localizacao_id, padrao) values (7, Portelândia, null, null, 5772, ""N"");"
"insert into localizacao (localizacao_tipo_id, nome, sigla, codigo, localizacao_id, padrao) values (7, Rio Verde, null, null, 5773, ""N"");"
"insert into localizacao (localizacao_tipo_id, nome, sigla, codigo, localizacao_id, padrao) values (7, Santa Helena de Goiás, null, null, 5774, ""N"");"
"insert into localizacao (localizacao_tipo_id, nome, sigla, codigo, localizacao_id, padrao) values (7, Santa Rita do Araguaia, null, null, 5775, ""N"");"
"insert into localizacao (localizacao_tipo_id, nome, sigla, codigo, localizacao_id, padrao) values (7, Santo Antônio da Barra, null, null, 5776, ""N"");"
"insert into localizacao (localizacao_tipo_id, nome, sigla, codigo, localizacao_id, padrao) values (7, Serranópolis, null, null, 5777, ""N"");"
"insert into localizacao (localizacao_tipo_id, nome, sigla, codigo, localizacao_id, padrao) values (7, Acreúna, null, null, 5778, ""N"");"
"insert into localizacao (localizacao_tipo_id, nome, sigla, codigo, localizacao_id, padrao) values (7, Campestre de Goiás, null, null, 5779, ""N"");"
"insert into localizacao (localizacao_tipo_id, nome, sigla, codigo, localizacao_id, padrao) values (7, Cezarina, null, null, 5780, ""N"");"
"insert into localizacao (localizacao_tipo_id, nome, sigla, codigo, localizacao_id, padrao) values (7, Edealina, null, null, 5781, ""N"");"
"insert into localizacao (localizacao_tipo_id, nome, sigla, codigo, localizacao_id, padrao) values (7, Edéia, null, null, 5782, ""N"");"
"insert into localizacao (localizacao_tipo_id, nome, sigla, codigo, localizacao_id, padrao) values (7, Indiara, null, null, 5783, ""N"");"
"insert into localizacao (localizacao_tipo_id, nome, sigla, codigo, localizacao_id, padrao) values (7, Jandaia, null, null, 5784, ""N"");"
"insert into localizacao (localizacao_tipo_id, nome, sigla, codigo, localizacao_id, padrao) values (7, Palmeiras de Goiás, null, null, 5785, ""N"");"
"insert into localizacao (localizacao_tipo_id, nome, sigla, codigo, localizacao_id, padrao) values (7, Palminópolis, null, null, 5786, ""N"");"
"insert into localizacao (localizacao_tipo_id, nome, sigla, codigo, localizacao_id, padrao) values (7, Paraúna, null, null, 5787, ""N"");"
"insert into localizacao (localizacao_tipo_id, nome, sigla, codigo, localizacao_id, padrao) values (7, São João da Paraúna, null, null, 5788, ""N"");"
"insert into localizacao (localizacao_tipo_id, nome, sigla, codigo, localizacao_id, padrao) values (7, Turvelândia, null, null, 5789, ""N"");"
"insert into localizacao (localizacao_tipo_id, nome, sigla, codigo, localizacao_id, padrao) values (7, Varjão, null, null, 5790, ""N"");"
"insert into localizacao (localizacao_tipo_id, nome, sigla, codigo, localizacao_id, padrao) values (7, Água Limpa, null, null, 5791, ""N"");"
"insert into localizacao (localizacao_tipo_id, nome, sigla, codigo, localizacao_id, padrao) values (7, Aloândia, null, null, 5792, ""N"");"
"insert into localizacao (localizacao_tipo_id, nome, sigla, codigo, localizacao_id, padrao) values (7, Bom Jesus de Goiás, null, null, 5793, ""N"");"
"insert into localizacao (localizacao_tipo_id, nome, sigla, codigo, localizacao_id, padrao) values (7, Buriti Alegre, null, null, 5794, ""N"");"
"insert into localizacao (localizacao_tipo_id, nome, sigla, codigo, localizacao_id, padrao) values (7, Cachoeira Dourada, null, null, 5795, ""N"");"
"insert into localizacao (localizacao_tipo_id, nome, sigla, codigo, localizacao_id, padrao) values (7, Caldas Novas, null, null, 5796, ""N"");"
"insert into localizacao (localizacao_tipo_id, nome, sigla, codigo, localizacao_id, padrao) values (7, Cromínia, null, null, 5797, ""N"");"
"insert into localizacao (localizacao_tipo_id, nome, sigla, codigo, localizacao_id, padrao) values (7, Goiatuba, null, null, 5798, ""N"");"
"insert into localizacao (localizacao_tipo_id, nome, sigla, codigo, localizacao_id, padrao) values (7, Inaciolândia, null, null, 5799, ""N"");"
"insert into localizacao (localizacao_tipo_id, nome, sigla, codigo, localizacao_id, padrao) values (7, Itumbiara, null, null, 5800, ""N"");"
"insert into localizacao (localizacao_tipo_id, nome, sigla, codigo, localizacao_id, padrao) values (7, Joviânia, null, null, 5801, ""N"");"
"insert into localizacao (localizacao_tipo_id, nome, sigla, codigo, localizacao_id, padrao) values (7, Mairipotaba, null, null, 5802, ""N"");"
"insert into localizacao (localizacao_tipo_id, nome, sigla, codigo, localizacao_id, padrao) values (7, Marzagão, null, null, 5803, ""N"");"
"insert into localizacao (localizacao_tipo_id, nome, sigla, codigo, localizacao_id, padrao) values (7, Morrinhos, null, null, 5804, ""N"");"
"insert into localizacao (localizacao_tipo_id, nome, sigla, codigo, localizacao_id, padrao) values (7, Panamá, null, null, 5805, ""N"");"
"insert into localizacao (localizacao_tipo_id, nome, sigla, codigo, localizacao_id, padrao) values (7, Piracanjuba, null, null, 5806, ""N"");"
"insert into localizacao (localizacao_tipo_id, nome, sigla, codigo, localizacao_id, padrao) values (7, Pontalina, null, null, 5807, ""N"");"
"insert into localizacao (localizacao_tipo_id, nome, sigla, codigo, localizacao_id, padrao) values (7, Porteirão, null, null, 5808, ""N"");"
"insert into localizacao (localizacao_tipo_id, nome, sigla, codigo, localizacao_id, padrao) values (7, Professor Jamil, null, null, 5809, ""N"");"
"insert into localizacao (localizacao_tipo_id, nome, sigla, codigo, localizacao_id, padrao) values (7, Rio Quente, null, null, 5810, ""N"");"
"insert into localizacao (localizacao_tipo_id, nome, sigla, codigo, localizacao_id, padrao) values (7, Vicentinópolis, null, null, 5811, ""N"");"
"insert into localizacao (localizacao_tipo_id, nome, sigla, codigo, localizacao_id, padrao) values (7, Cristianópolis, null, null, 5812, ""N"");"
"insert into localizacao (localizacao_tipo_id, nome, sigla, codigo, localizacao_id, padrao) values (7, Gameleira de Goiás, null, null, 5813, ""N"");"
"insert into localizacao (localizacao_tipo_id, nome, sigla, codigo, localizacao_id, padrao) values (7, Orizona, null, null, 5814, ""N"");"
"insert into localizacao (localizacao_tipo_id, nome, sigla, codigo, localizacao_id, padrao) values (7, Palmelo, null, null, 5815, ""N"");"
"insert into localizacao (localizacao_tipo_id, nome, sigla, codigo, localizacao_id, padrao) values (7, Pires do Rio, null, null, 5816, ""N"");"
"insert into localizacao (localizacao_tipo_id, nome, sigla, codigo, localizacao_id, padrao) values (7, Santa Cruz de Goiás, null, null, 5817, ""N"");"
"insert into localizacao (localizacao_tipo_id, nome, sigla, codigo, localizacao_id, padrao) values (7, São Miguel do Passa Quatro, null, null, 5818, ""N"");"
"insert into localizacao (localizacao_tipo_id, nome, sigla, codigo, localizacao_id, padrao) values (7, Silvânia, null, null, 5819, ""N"");"
"insert into localizacao (localizacao_tipo_id, nome, sigla, codigo, localizacao_id, padrao) values (7, Urutaí, null, null, 5820, ""N"");"
"insert into localizacao (localizacao_tipo_id, nome, sigla, codigo, localizacao_id, padrao) values (7, Vianópolis, null, null, 5821, ""N"");"
"insert into localizacao (localizacao_tipo_id, nome, sigla, codigo, localizacao_id, padrao) values (7, Anhanguera, null, null, 5822, ""N"");"
"insert into localizacao (localizacao_tipo_id, nome, sigla, codigo, localizacao_id, padrao) values (7, Campo Alegre de Goiás, null, null, 5823, ""N"");"
"insert into localizacao (localizacao_tipo_id, nome, sigla, codigo, localizacao_id, padrao) values (7, Catalão, null, null, 5824, ""N"");"
"insert into localizacao (localizacao_tipo_id, nome, sigla, codigo, localizacao_id, padrao) values (7, Corumbaíba, null, null, 5825, ""N"");"
"insert into localizacao (localizacao_tipo_id, nome, sigla, codigo, localizacao_id, padrao) values (7, Cumari, null, null, 5826, ""N"");"
"insert into localizacao (localizacao_tipo_id, nome, sigla, codigo, localizacao_id, padrao) values (7, Davinópolis, null, null, 5827, ""N"");"
"insert into localizacao (localizacao_tipo_id, nome, sigla, codigo, localizacao_id, padrao) values (7, Goiandira, null, null, 5828, ""N"");"
"insert into localizacao (localizacao_tipo_id, nome, sigla, codigo, localizacao_id, padrao) values (7, Ipameri, null, null, 5829, ""N"");"
"insert into localizacao (localizacao_tipo_id, nome, sigla, codigo, localizacao_id, padrao) values (7, Nova Aurora, null, null, 5830, ""N"");"
"insert into localizacao (localizacao_tipo_id, nome, sigla, codigo, localizacao_id, padrao) values (7, Ouvidor, null, null, 5831, ""N"");"
"insert into localizacao (localizacao_tipo_id, nome, sigla, codigo, localizacao_id, padrao) values (7, Três Ranchos, null, null, 5832, ""N"");"
"insert into localizacao (localizacao_tipo_id, nome, sigla, codigo, localizacao_id, padrao) values (7, Cachoeira Alta, null, null, 5833, ""N"");"
"insert into localizacao (localizacao_tipo_id, nome, sigla, codigo, localizacao_id, padrao) values (7, Caçu, null, null, 5834, ""N"");"
"insert into localizacao (localizacao_tipo_id, nome, sigla, codigo, localizacao_id, padrao) values (7, Gouvelândia, null, null, 5835, ""N"");"
"insert into localizacao (localizacao_tipo_id, nome, sigla, codigo, localizacao_id, padrao) values (7, Itajá, null, null, 5836, ""N"");"
"insert into localizacao (localizacao_tipo_id, nome, sigla, codigo, localizacao_id, padrao) values (7, Itarumã, null, null, 5837, ""N"");"
"insert into localizacao (localizacao_tipo_id, nome, sigla, codigo, localizacao_id, padrao) values (7, Lagoa Santa, null, null, 5838, ""N"");"
"insert into localizacao (localizacao_tipo_id, nome, sigla, codigo, localizacao_id, padrao) values (7, Paranaiguara, null, null, 5839, ""N"");"
"insert into localizacao (localizacao_tipo_id, nome, sigla, codigo, localizacao_id, padrao) values (7, Quirinópolis, null, null, 5840, ""N"");"
"insert into localizacao (localizacao_tipo_id, nome, sigla, codigo, localizacao_id, padrao) values (7, São Simão, null, null, 5841, ""N"");"
"insert into localizacao (localizacao_tipo_id, nome, sigla, codigo, localizacao_id, padrao) values (7, Brasília, null, null, 5842, ""N"");"
